Country,Map,Community tourism
Antigua and Barbuda,http://www.citypopulation.de/Antigua.html,
Barbados,http://www.citypopulation.de/Barbados.html,https://barbados.org/discover_towns_villages.htm
Belize,http://www.citypopulation.de/Belize.html,
Dominica,http://www.citypopulation.de/Dominica.html,
Grenada,https://www.citypopulation.de/Grenada.html,
Guyana,http://www.citypopulation.de/Guyana.html,
Haiti,http://www.citypopulation.de/Haiti.html,
Jamaica,http://www.citypopulation.de/Jamaica.html,
Saint Kitts and Nevis,https://www.citypopulation.de/StKittsNevis.html,https://en.wikipedia.org/wiki/List_of_cities_and_towns_in_Saint_Kitts_and_Nevis
Saint Lucia,https://www.citypopulation.de/StLucia.html,
Saint Vincent and the Grenadines.,https://www.citypopulation.de/StVincent.html,
Sint Maarten,http://www.citypopulation.de/SintMaarten.html,
Suriname,http://www.citypopulation.de/Suriname-Cities.html,http://www.citypopulation.de/Suriname.html
The Bahamas,https://www.citypopulation.de/Bahamas-Islands.html,http://www.citypopulation.de/Bahamas.html
The Dominican Republic,https://www.citypopulation.de/DomRep-Cities.html,http://www.thedominicanrepublic.net/CitiesandTowns.htm
Trinidad and Tobago,http://www.citypopulation.de/Trinidad.html,
